Workbook

Sheet Anleitung
A1: Statistik-Kurs NWW an der KSK – Excel-Beispiele | B1: Statistik-Kurs NWW an der KSK – Excel-Beispiele | C1: Statistik-Kurs NWW an der KSK – Excel-Beispiele | D1: Statistik-Kurs NWW an der KSK – Excel-Beispiele | E1: Statistik-Kurs NWW an der KSK – Excel-Beispiele | F1: Statistik-Kurs NWW an der KSK – Excel-Beispiele | G1: Statistik-Kurs NWW an der KSK – Excel-Beispiele | H1: Statistik-Kurs NWW an der KSK – Excel-Beispiele | I1: Statistik-Kurs NWW an der KSK – Excel-Beispiele
A3: Diese Arbeitsmappe enthält die Creme-Daten aus dem Kurs, nachvollziehbare Kennwerte, Diagramme und eine Vorlage für das eigene Forschungsprojekt.
A5: Blatt | B5: Wofür es da ist | D5: Merksätze • Zahlen von 1 bis 9 sind nicht automatisch metrisch. Bewertungen sind meist ordinal. • α = 0,05 ist das Signifikanzniveau; dazu gehört ein Konfidenzniveau von 95 %. • p < α bedeutet: Das Ergebnis ist unter H₀ so ungewöhnlich, dass H₀ verworfen wird. • Standardabweichungsbalken liefern nur eine grobe optische Abschätzung. • Signifikant bedeutet nicht automatisch wichtig.
A6: Rohdaten Creme | B6: 20 Einzelbewertungen pro Creme; diese Werte sind ordinal.
A7: Häufigkeiten | B7: Zählt jede Bewertung von 1 bis 9 und zeigt die Verteilung.
A8: Kennwerte | B8: Modalwert, Median, Mittelwert, Varianz und Standardabweichung.
A9: Signifikanz | B9: Konkrete p-Werte; unabhängige und gepaarte Daten unterscheiden.
A10: Eigene Daten | B10: Eigene Messwerte eintragen; Kennwerte berechnen sich automatisch.
A12: Quelle: bereitgestellte Kursunterlagen und Beispieltabellen. Die Testwerte dienen dem Lernen; die Wahl des Tests hängt immer von Datentyp und Versuchsplan ab.

Sheet Rohdaten Creme
A1: Rohdaten: Bewertungen der vier Cremes | B1: Rohdaten: Bewertungen der vier Cremes | C1: Rohdaten: Bewertungen der vier Cremes | D1: Rohdaten: Bewertungen der vier Cremes | E1: Rohdaten: Bewertungen der vier Cremes | F1: Rohdaten: Bewertungen der vier Cremes
A3: Person | B3: Creme 1 | C3: Creme 2 | D3: Creme 3 | E3: Creme 4 | F3: Hinweis
A4: 1 | B4: 1 | C4: 1 | D4: 2 | E4: 1 | F4: Bewertung 1–9 = ordinal
A5: 2 | B5: 3 | C5: 2 | D5: 3 | E5: 2
A6: 3 | B6: 5 | C6: 3 | D6: 3 | E6: 3
A7: 4 | B7: 6 | C7: 2 | D7: 4 | E7: 4
A8: 5 | B8: 7 | C8: 4 | D8: 4 | E8: 3
A9: 6 | B9: 8 | C9: 1 | D9: 5 | E9: 2
A10: 7 | B10: 9 | C10: 2 | D10: 5 | E10: 1
A11: 8 | B11: 8 | C11: 3 | D11: 6 | E11: 2
A12: 9 | B12: 7 | C12: 2 | D12: 6 | E12: 2
A13: 10 | B13: 6 | C13: 1 | D13: 7 | E13: 2
A14: 11 | B14: 5 | C14: 7 | D14: 7 | E14: 3
A15: 12 | B15: 2 | C15: 6 | D15: 7 | E15: 2
A16: 13 | B16: 3 | C16: 8 | D16: 7 | E16: 3
... A23: 20 | B23: 6 | C23: 1 | D23: 9 | E23: 2

Sheet Häufigkeiten
A1: Häufigkeiten und Verteilungen | B1: Häufigkeiten und Verteilungen | C1: Häufigkeiten und Verteilungen | D1: Häufigkeiten und Verteilungen | E1: Häufigkeiten und Verteilungen | F1: Häufigkeiten und Verteilungen | G1: Häufigkeiten und Verteilungen | H1: Häufigkeiten und Verteilungen | I1: Häufigkeiten und Verteilungen | J1: Häufigkeiten und Verteilungen | K1: Häufigkeiten und Verteilungen | L1: Häufigkeiten und Verteilungen | M1: Häufigkeiten und Verteilungen | N1: Häufigkeiten und Verteilungen | O1: Häufigkeiten und Verteilungen | P1: Häufigkeiten und Verteilungen | Q1: Häufigkeiten und Verteilungen | R1: Häufigkeiten und Verteilungen | S1: Häufigkeiten und Verteilungen
A3: Bewertung | B3: Creme 1 | C3: Creme 2 | D3: Creme 3 | E3: Creme 4 | U3: Bewertung | V3: Creme 1 | W3: Bewertung | X3: Creme 2 | Y3: Bewertung | Z3: Creme 3 | AA3: Bewertung | AB3: Creme 4
A4: 1 | B4: =COUNTIF('Rohdaten Creme'!$B$4:$B$23,$A4) -> 1 | C4: =COUNTIF('Rohdaten Creme'!$C$4:$C$23,$A4) -> 4 | D4: =COUNTIF('Rohdaten Creme'!$D$4:$D$23,$A4) -> 0 | E4: =COUNTIF('Rohdaten Creme'!$E$4:$E$23,$A4) -> 3 | U4: =A4 -> 1 | V4: =B4 -> 1 | W4: =A4 -> 1 | X4: =C4 -> 4 | Y4: =A4 -> 1 | Z4: =D4 -> 0 | AA4: =A4 -> 1 | AB4: =E4 -> 3
A5: 2 | B5: =COUNTIF('Rohdaten Creme'!$B$4:$B$23,$A5) -> 2 | C5: =COUNTIF('Rohdaten Creme'!$C$4:$C$23,$A5) -> 4 | D5: =COUNTIF('Rohdaten Creme'!$D$4:$D$23,$A5) -> 1 | E5: =COUNTIF('Rohdaten Creme'!$E$4:$E$23,$A5) -> 9 | U5: =A5 -> 2 | V5: =B5 -> 2 | W5: =A5 -> 2 | X5: =C5 -> 4 | Y5: =A5 -> 2 | Z5: =D5 -> 1 | AA5: =A5 -> 2 | AB5: =E5 -> 9
A6: 3 | B6: =COUNTIF('Rohdaten Creme'!$B$4:$B$23,$A6) -> 2 | C6: =COUNTIF('Rohdaten Creme'!$C$4:$C$23,$A6) -> 2 | D6: =COUNTIF('Rohdaten Creme'!$D$4:$D$23,$A6) -> 2 | E6: =COUNTIF('Rohdaten Creme'!$E$4:$E$23,$A6) -> 6 | U6: =A6 -> 3 | V6: =B6 -> 2 | W6: =A6 -> 3 | X6: =C6 -> 2 | Y6: =A6 -> 3 | Z6: =D6 -> 2 | AA6: =A6 -> 3 | AB6: =E6 -> 6
A7: 4 | B7: =COUNTIF('Rohdaten Creme'!$B$4:$B$23,$A7) -> 0 | C7: =COUNTIF('Rohdaten Creme'!$C$4:$C$23,$A7) -> 1 | D7: =COUNTIF('Rohdaten Creme'!$D$4:$D$23,$A7) -> 2 | E7: =COUNTIF('Rohdaten Creme'!$E$4:$E$23,$A7) -> 2 | U7: =A7 -> 4 | V7: =B7 -> 0 | W7: =A7 -> 4 | X7: =C7 -> 1 | Y7: =A7 -> 4 | Z7: =D7 -> 2 | AA7: =A7 -> 4 | AB7: =E7 -> 2
A8: 5 | B8: =COUNTIF('Rohdaten Creme'!$B$4:$B$23,$A8) -> 4 | C8: =COUNTIF('Rohdaten Creme'!$C$4:$C$23,$A8) -> 0 | D8: =COUNTIF('Rohdaten Creme'!$D$4:$D$23,$A8) -> 2 | E8: =COUNTIF('Rohdaten Creme'!$E$4:$E$23,$A8) -> 0 | U8: =A8 -> 5 | V8: =B8 -> 4 | W8: =A8 -> 5 | X8: =C8 -> 0 | Y8: =A8 -> 5 | Z8: =D8 -> 2 | AA8: =A8 -> 5 | AB8: =E8 -> 0
A9: 6 | B9: =COUNTIF('Rohdaten Creme'!$B$4:$B$23,$A9) -> 5 | C9: =COUNTIF('Rohdaten Creme'!$C$4:$C$23,$A9) -> 1 | D9: =COUNTIF('Rohdaten Creme'!$D$4:$D$23,$A9) -> 2 | E9: =COUNTIF('Rohdaten Creme'!$E$4:$E$23,$A9) -> 0 | U9: =A9 -> 6 | V9: =B9 -> 5 | W9: =A9 -> 6 | X9: =C9 -> 1 | Y9: =A9 -> 6 | Z9: =D9 -> 2 | AA9: =A9 -> 6 | AB9: =E9 -> 0
A10: 7 | B10: =COUNTIF('Rohdaten Creme'!$B$4:$B$23,$A10) -> 3 | C10: =COUNTIF('Rohdaten Creme'!$C$4:$C$23,$A10) -> 3 | D10: =COUNTIF('Rohdaten Creme'!$D$4:$D$23,$A10) -> 5 | E10: =COUNTIF('Rohdaten Creme'!$E$4:$E$23,$A10) -> 0 | U10: =A10 -> 7 | V10: =B10 -> 3 | W10: =A10 -> 7 | X10: =C10 -> 3 | Y10: =A10 -> 7 | Z10: =D10 -> 5 | AA10: =A10 -> 7 | AB10: =E10 -> 0
A11: 8 | B11: =COUNTIF('Rohdaten Creme'!$B$4:$B$23,$A11) -> 2 | C11: =COUNTIF('Rohdaten Creme'!$C$4:$C$23,$A11) -> 4 | D11: =COUNTIF('Rohdaten Creme'!$D$4:$D$23,$A11) -> 5 | E11: =COUNTIF('Rohdaten Creme'!$E$4:$E$23,$A11) -> 0 | U11: =A11 -> 8 | V11: =B11 -> 2 | W11: =A11 -> 8 | X11: =C11 -> 4 | Y11: =A11 -> 8 | Z11: =D11 -> 5 | AA11: =A11 -> 8 | AB11: =E11 -> 0
A12: 9 | B12: =COUNTIF('Rohdaten Creme'!$B$4:$B$23,$A12) -> 1 | C12: =COUNTIF('Rohdaten Creme'!$C$4:$C$23,$A12) -> 1 | D12: =COUNTIF('Rohdaten Creme'!$D$4:$D$23,$A12) -> 1 | E12: =COUNTIF('Rohdaten Creme'!$E$4:$E$23,$A12) -> 0 | U12: =A12 -> 9 | V12: =B12 -> 1 | W12: =A12 -> 9 | X12: =C12 -> 1 | Y12: =A12 -> 9 | Z12: =D12 -> 1 | AA12: =A12 -> 9 | AB12: =E12 -> 0
B14: Creme 1 | C14: Creme 2 | D14: Creme 3 | E14: Creme 4
A15: Höchste Häufigkeit | B15: =MAX(B4:B12) -> 5 | C15: =MAX(C4:C12) -> 4 | D15: =MAX(D4:D12) -> 5 | E15: =MAX(E4:E12) -> 9

Sheet Kennwerte
A1: Kennwerte der Creme-Bewertungen | B1: Kennwerte der Creme-Bewertungen | C1: Kennwerte der Creme-Bewertungen | D1: Kennwerte der Creme-Bewertungen | E1: Kennwerte der Creme-Bewertungen | F1: Kennwerte der Creme-Bewertungen | G1: Kennwerte der Creme-Bewertungen | H1: Kennwerte der Creme-Bewertungen | I1: Kennwerte der Creme-Bewertungen | J1: Kennwerte der Creme-Bewertungen | K1: Kennwerte der Creme-Bewertungen | L1: Kennwerte der Creme-Bewertungen | M1: Kennwerte der Creme-Bewertungen
A3: Kennwert | B3: Creme 1 | C3: Creme 2 | D3: Creme 3 | E3: Creme 4 | N3: Creme | O3: Mittelwert | Q3: Creme | R3: Standardabweichung
A4: n | B4: =COUNT('Rohdaten Creme'!$B$4:$B$23) -> 20 | C4: =COUNT('Rohdaten Creme'!$C$4:$C$23) -> 20 | D4: =COUNT('Rohdaten Creme'!$D$4:$D$23) -> 20 | E4: =COUNT('Rohdaten Creme'!$E$4:$E$23) -> 20 | N4: Creme 1 | O4: =B7 -> 5.35 | Q4: Creme 1 | R4: =B9 -> #NAME?
A5: Modalwert (MODE.SNGL) | B5: =_xludf.MODE.SNGL('Rohdaten Creme'!$B$4:$B$23) -> #NAME? | C5: =_xludf.MODE.SNGL('Rohdaten Creme'!$C$4:$C$23) -> #NAME? | D5: =_xludf.MODE.SNGL('Rohdaten Creme'!$D$4:$D$23) -> #NAME? | E5: =_xludf.MODE.SNGL('Rohdaten Creme'!$E$4:$E$23) -> #NAME? | N5: Creme 2 | O5: =C7 -> 4.5 | Q5: Creme 2 | R5: =C9 -> #NAME?
A6: Median | B6: =MEDIAN('Rohdaten Creme'!$B$4:$B$23) -> 6 | C6: =MEDIAN('Rohdaten Creme'!$C$4:$C$23) -> 3.5 | D6: =MEDIAN('Rohdaten Creme'!$D$4:$D$23) -> 7 | E6: =MEDIAN('Rohdaten Creme'!$E$4:$E$23) -> 2 | N6: Creme 3 | O6: =D7 -> 6.1 | Q6: Creme 3 | R6: =D9 -> #NAME?
A7: Mittelwert* | B7: =AVERAGE('Rohdaten Creme'!$B$4:$B$23) -> 5.35 | C7: =AVERAGE('Rohdaten Creme'!$C$4:$C$23) -> 4.5 | D7: =AVERAGE('Rohdaten Creme'!$D$4:$D$23) -> 6.1 | E7: =AVERAGE('Rohdaten Creme'!$E$4:$E$23) -> 2.35 | N7: Creme 4 | O7: =E7 -> 2.35 | Q7: Creme 4 | R7: =E9 -> #NAME?
A8: Varianz (Stichprobe) | B8: =_xludf.VAR.S('Rohdaten Creme'!$B$4:$B$23) -> #NAME? | C8: =_xludf.VAR.S('Rohdaten Creme'!$C$4:$C$23) -> #NAME? | D8: =_xludf.VAR.S('Rohdaten Creme'!$D$4:$D$23) -> #NAME? | E8: =_xludf.VAR.S('Rohdaten Creme'!$E$4:$E$23) -> #NAME?
A9: Standardabweichung (Stichprobe) | B9: =_xludf.STDEV.S('Rohdaten Creme'!$B$4:$B$23) -> #NAME? | C9: =_xludf.STDEV.S('Rohdaten Creme'!$C$4:$C$23) -> #NAME? | D9: =_xludf.STDEV.S('Rohdaten Creme'!$D$4:$D$23) -> #NAME? | E9: =_xludf.STDEV.S('Rohdaten Creme'!$E$4:$E$23) -> #NAME?
A10: Minimum | B10: =MIN('Rohdaten Creme'!$B$4:$B$23) -> 1 | C10: =MIN('Rohdaten Creme'!$C$4:$C$23) -> 1 | D10: =MIN('Rohdaten Creme'!$D$4:$D$23) -> 2 | E10: =MIN('Rohdaten Creme'!$E$4:$E$23) -> 1
A11: Maximum | B11: =MAX('Rohdaten Creme'!$B$4:$B$23) -> 9 | C11: =MAX('Rohdaten Creme'!$C$4:$C$23) -> 9 | D11: =MAX('Rohdaten Creme'!$D$4:$D$23) -> 9 | E11: =MAX('Rohdaten Creme'!$E$4:$E$23) -> 4
A13: *Die Bewertungen sind ordinal. Der Mittelwert wird hier nur zur Demonstration berechnet; für die inhaltliche Beschreibung sind Modalwert und Median geeigneter. Bei mehreren Modalwerten zeigt MODE.SNGL nur einen davon.

Sheet Signifikanz
A1: Signifikanz: Beispiele mit konkreten p-Werten | B1: Signifikanz: Beispiele mit konkreten p-Werten | C1: Signifikanz: Beispiele mit konkreten p-Werten | D1: Signifikanz: Beispiele mit konkreten p-Werten | E1: Signifikanz: Beispiele mit konkreten p-Werten | F1: Signifikanz: Beispiele mit konkreten p-Werten | G1: Signifikanz: Beispiele mit konkreten p-Werten | H1: Signifikanz: Beispiele mit konkreten p-Werten
A3: Vergleich | B3: Versuchsplan | C3: Test | D3: p-Wert | E3: bei α = 0,05 | F3: Interpretation
A4: Creme 1 vs. 2 | B4: unabhängige Gruppen | C4: Mann-Whitney-U | D4: 0.4613 | E4: nicht signifikant | F4: H₀ nicht verwerfen
A5: Creme 1 vs. 3 | B5: unabhängige Gruppen | C5: Mann-Whitney-U | D5: 0.2338 | E5: nicht signifikant | F5: H₀ nicht verwerfen
A6: Creme 1 vs. 4 | B6: unabhängige Gruppen | C6: Mann-Whitney-U | D6: 5.9e-05 | E6: signifikant | F6: H₀ verwerfen
A7: Creme 2 vs. 4 | B7: unabhängige Gruppen | C7: Mann-Whitney-U | D7: 0.0736 | E7: nicht signifikant | F7: H₀ nicht verwerfen
A8: Creme 3 vs. 4 | B8: unabhängige Gruppen | C8: Mann-Whitney-U | D8: 2e-06 | E8: signifikant | F8: H₀ verwerfen
A9: Creme 1 vs. 2 | B9: dieselben Personen | C9: Wilcoxon | D9: 0.3423 | E9: nicht signifikant | F9: H₀ nicht verwerfen
A10: Creme 1 vs. 4 | B10: dieselben Personen | C10: Wilcoxon | D10: 0.00041 | E10: signifikant | F10: H₀ verwerfen
A12: α = 0,05 ist das Signifikanzniveau und entspricht einem Konfidenzniveau von 95 %. Ein Konfidenzintervall ist ein berechneter Wertebereich. Der p-Wert ist nicht die Wahrscheinlichkeit, dass H₀ wahr ist. Die p-Werte oben sind Lernbeispiele; ob Gruppen unabhängig oder gepaart sind, hängt vom tatsächlichen Versuchsplan ab.

Sheet Eigene Daten
A1: Vorlage: eigene Forschungsdaten | B1: Vorlage: eigene Forschungsdaten | C1: Vorlage: eigene Forschungsdaten | D1: Vorlage: eigene Forschungsdaten | E1: Vorlage: eigene Forschungsdaten | F1: Vorlage: eigene Forschungsdaten | G1: Vorlage: eigene Forschungsdaten | H1: Vorlage: eigene Forschungsdaten | I1: Vorlage: eigene Forschungsdaten | J1: Vorlage: eigene Forschungsdaten
A3: ID | B3: Gruppe / Bedingung A | C3: Gruppe / Bedingung B | D3: Einheit | E3: Bemerkung | G3: Kennwert | H3: A | I3: B | J3: Hinweis
A4: 1 | G4: n | H4: =IF(COUNT($B$4:$B$33)=0,"",COUNT($B$4:$B$33)) | I4: =IF(COUNT($C$4:$C$33)=0,"",COUNT($C$4:$C$33)) | J4: Anzahl Werte
A5: 2 | G5: Modalwert | H5: =IF(COUNT($B$4:$B$33)=0,"",_xludf.MODE.SNGL($B$4:$B$33)) | I5: =IF(COUNT($C$4:$C$33)=0,"",_xludf.MODE.SNGL($C$4:$C$33)) | J5: häufigster Wert
A6: 3 | G6: Median | H6: =IF(COUNT($B$4:$B$33)=0,"",MEDIAN($B$4:$B$33)) | I6: =IF(COUNT($C$4:$C$33)=0,"",MEDIAN($C$4:$C$33)) | J6: robuste Mitte
A7: 4 | G7: Mittelwert | H7: =IF(COUNT($B$4:$B$33)=0,"",AVERAGE($B$4:$B$33)) | I7: =IF(COUNT($C$4:$C$33)=0,"",AVERAGE($C$4:$C$33)) | J7: nur metrisch sinnvoll
A8: 5 | G8: Varianz | H8: =IF(COUNT($B$4:$B$33)=0,"",_xludf.VAR.S($B$4:$B$33)) | I8: =IF(COUNT($C$4:$C$33)=0,"",_xludf.VAR.S($C$4:$C$33)) | J8: mittlere quadrierte Abweichung
A9: 6 | G9: Standardabweichung | H9: =IF(COUNT($B$4:$B$33)=0,"",_xludf.STDEV.S($B$4:$B$33)) | I9: =IF(COUNT($C$4:$C$33)=0,"",_xludf.STDEV.S($C$4:$C$33)) | J9: Wurzel der Varianz
A10: 7 | G10: Spannweite | H10: =IF(COUNT($B$4:$B$33)=0,"",MAX($B$4:$B$33)-MIN($B$4:$B$33)) | I10: =IF(COUNT($C$4:$C$33)=0,"",MAX($C$4:$C$33)-MIN($C$4:$C$33)) | J10: Maximum − Minimum
A11: 8
A12: 9 | G12: Vor der Auswertung klären: 1. Welche Datenart liegt vor? 2. Sind A und B unabhängig oder gepaart? 3. Wie gross ist n? 4. Bei metrischen Daten: Verteilung und Ausreisser anschauen. 5. Kennwerte, Diagramm und Test gemeinsam berichten.
A13: 10
A14: 11
A15: 12
A16: 13
A17: 14
A18: 15
A19: 16
A20: 17
A21: 18
A22: 19
A23: 20
A24: 21
... A33: 30
